Timestamp,Where do you live? (City)  ,What nights did you attend CHUR BURN 2018?,Would you buy a double ticket next year?,How safe did you feel during Chur Burn?,"Were you aware of the roaming Good Time Patrol (GTP), dressed in yellow? ",What do you love/value most about Chur Burn?,What do you dislike? What could we lose?,What could we add or improve to make Chur Burn even better?,Have you ever been to Kiwiburn?,How about a Chur Festival - Would you be interested in attending?,What kind of Chur festival?,How far would you realistically travel for a Chur festival?,Any other feedback about Chur Burn? We always hold space for any kind of feedback
2018/04/27 12:02:50 pm GMT+12,Wellington,BOTH!,I could probably do a third night,7,I knew about them but didn't see them,"Shit... The costumes and partying energy and production is awesome, but I think the most I love the gender balance and the focus on respect and consent. It enables peeps to feel safe and be themselves or express their bodies in ways that aren't usually safe!",Um.. I only got there late both nights due to other commitments and I just wanted more,"I'll have to think about that. I already did but nothing came to mind. Perhaps I need breakfast.. OH so I have a friend who works at Fidel's who mentioned that the burner crew are quite difficult customers. A bit self important maybe. I think alternate ideas are awesome to explore and live by but perhaps there's a sense of pride and importance that can come along with it? I'm guessing here, need to pick her brains on that one and I could be off, but I think that's it. Perhaps a little soft reminder to attendees to be nice to hospo peeps who feed them for breakfast would be cool.",Not yet,7,"A Long Weekend Festie (camping, music, dancing, workshops, talks)",any distance,Great froth. Cheers fellas and fellesses. Looking forward to more!
2018/04/27 12:30:23 pm GMT+12,Wellington,BOTH!,I went TWO nights and would do two nights again next year,7,"Yeah, they were easy to recognise and saw them a lot","Seeing many lovely people, amazing costumes, snugs, love all around",Loud pumping music in the larger snug space kinder made it harder to have conversations and to be more relaxed when trying to take a break from too much stimulation,More snug space - take away the tables in the corner and the DJ booth to make more snug space,"Yes, 2 to 5 times",7,"A Longer Larger Festival (camping, music, dancing, workshops, performances, multiple stages/zones)",any distance,"What kind of process do you have for any misconduct and consent/boundary violations after the event if it has been reported to you? Do you work with the conduct committee of Kiwiburn since this is a ""burner event""? Could that be a thing to help keep future events and our community safer?"
2018/04/30 2:25:35 pm GMT+12,auckland,BOTH!,I went TWO nights and would do two nights again next year,6,I saw them once or twice,to reconnect with the welly burner folk,"i only heard about the harm reduction session after chur, it must have been difficult to find a way to spread the word without posting on a public forum like facebook, any other ways to let people know that testing was available?",a venue upgrade perhaps? it felt a bit crowded with more humans in attendance in the current venue,"Yes, 2 to 5 times",7,"A Longer Larger Festival (camping, music, dancing, workshops, performances, multiple stages/zones)",up to 4.0 hrs,
2018/04/30 2:28:05 pm GMT+12,Tauranga,BOTH!,I could probably do a third night,7,I saw them once or twice,feeling of community and being part of something that has the potential to change the world,less moop and making sure that people take responsibility for their own moop. ,"recycling bins, ask people to bring their own cups and reusable ear plugs","Yes, once",7,"A Longer Larger Festival (camping, music, dancing, workshops, performances, multiple stages/zones)",any distance,You are awesome! ;)
2018/04/30 3:35:02 pm GMT+12,ANTWERP ,Saturday only,One night was enough for me,7,"Yeah, they were easy to recognise and saw them a lot",The good cuddles ,,More fresh air on the dance floor ventilators and more free water stations!!!,Not yet,7,"A Weekend Doof (camping, bass music, dancing)",up to 4.0 hrs,
2018/04/30 4:03:08 pm GMT+12,Wellywood,Friday only,"I went ONE night, but would go for two nights next year;I could probably do a third night",7,I saw them once or twice,BURNERS! it provides such a nice opportunity to decompress after the festival season,too bright lighting in the main deck bar area ,,Not yet,7,"A Long Weekend Festie (camping, music, dancing, workshops, talks)",up to 1 hr,
2018/05/01 5:32:55 pm GMT+12,Wellington,Saturday only,One night was enough for me,5,"Yeah, they were easy to recognise and saw them a lot",Mix of people/ decorations,It's meant to be about community. More food could promote a better sense of community/ opportunity to socialise,Bag checks on the door.,"Yes, once",,"A Long Weekend Festie (camping, music, dancing, workshops, talks)",up to 1.5 hrs,
2018/05/01 5:33:40 pm GMT+12,Wellington ,Friday only,"I went ONE night, but would go for two nights next year",7,"Yeah, they were easy to recognise and saw them a lot",Everyone was so welcoming and happy,More hydration stations ,Have it more often!,"Yes, once",7,"A Weekend Doof (camping, bass music, dancing)",up to 2.0 hrs,
2018/05/01 5:39:23 pm GMT+12,Wellington,BOTH!,I went TWO nights and would do two nights again next year,7,"Yeah, they were easy to recognise and saw them a lot",Music,Not sure,I think only small tweaks... mostly I think it's perfect,"Yes, 2 to 5 times",7,"A Long Weekend Festie (camping, music, dancing, workshops, talks)",any distance,Keep doing it
2018/05/01 5:48:26 pm GMT+12,Wellington,BOTH!,I went TWO nights and would do two nights again next year,6,"Yeah, they were easy to recognise and saw them a lot",Consent culture!,,"Keep the vibe upbeat downstairs, friday night lost that through the music for a little bit. That's just me though :D","Yes, once",7,"A Long Weekend Festie (camping, music, dancing, workshops, talks)",any distance,You guys are awesome!
2018/05/01 5:50:35 pm GMT+12,Lower hutt,BOTH!,I went TWO nights and would do two nights again next year,6,"Yeah, they were easy to recognise and saw them a lot",Cool people to chat to,Excessive sexualisation.,Not sure ...,"Yes, 2 to 5 times",5,"A Long Weekend Festie (camping, music, dancing, workshops, talks)",up to 3.0 hrs,"A number of people seem to have social anxiety, and often deal using inebriants.  Some attempt to create spaces/experiences that build and extend social connections might help everyone "
2018/05/01 5:56:11 pm GMT+12,Wellington,BOTH!,I don't mind either way,7,I saw them once or twice,Self expression,I don't have anything,More pillows in the pillow fort?,Not yet,7,"A Long Weekend Festie (camping, music, dancing, workshops, talks)",up to 1 hr,It was my first burn event ever. Very impressed with everyone's efforts. I wish there was something special for newbies like me. I felt like a stranger some times when everyone else sort of knew each other. Maybe it was my mistake and I didn't open up enough. I guess I'm still learning :)
2018/05/01 6:09:17 pm GMT+12,Welllington,Saturday only,"I went ONE night, but would go for two nights next year;One night was enough for me",7,I saw them once or twice,The acceptance/welcoming culture ,There were no features that caused me any negative feelings ,Make a better coat check system. Racks frequently fell down which made it hard to know what belonged to who,Not yet,7,"A Long Weekend Festie (camping, music, dancing, workshops, talks)",up to 4.0 hrs,I love you all
2018/05/01 6:36:34 pm GMT+12,Wellington,Saturday only,One night was enough for me,7,I saw them once or twice,Safe happy place and people to party with,I would like more genres of house music. Perhaps a second zone or half house half bass music on main floor,More house music,"Yes, 5 or more times",4,"A Weekend Doof (camping, bass music, dancing)",up to 3.0 hrs,
2018/05/01 8:10:38 pm GMT+12,Wellington,Saturday only,One night was enough for me,7,"Yeah, they were easy to recognise and saw them a lot",A safe consensual sexual space,No gin!?!,Hot showers,"Yes, 5 or more times",6,"A Long Weekend Festie (camping, music, dancing, workshops, talks)",up to 2.0 hrs,Keep at it
2018/05/01 8:24:47 pm GMT+12,Kapiti,BOTH!,I went TWO nights and would do two nights again next year;I could probably do a third night,7,I saw them once or twice,The loving vibe,Nothing,More psytrance ;),Not yet,7,"A Longer Larger Festival (camping, music, dancing, workshops, performances, multiple stages/zones)",any distance,You guys were amazing â™¡
2018/05/01 8:25:05 pm GMT+12,wellington,BOTH!,I went TWO nights and would do two nights again next year,7,I knew about them but didn't see them,"bass music and freedom to dance dirty, crazy, and topless",its quite full. i wanted to spend time in the quiet (snug) zone but couldnt find room,,"Yes, 5 or more times",7,"A Weekend Doof (camping, bass music, dancing)",up to 4.0 hrs,"thank you! you've made something special. also, remember you can't please everyone. do what you love, make it safe, and if people want to complain about a lot of stuff they can go make their own party. snugs and bass for life!"
2018/05/01 8:26:01 pm GMT+12,Te Puke ,BOTH!,I went TWO nights and would do two nights again next year;I could probably do a third night,7,"Yeah, they were easy to recognise and saw them a lot",Sharing only good vibes,Nothing ,Finishing later ðŸ¤ª,Not yet,7,"A Long Weekend Festie (camping, music, dancing, workshops, talks)",any distance,I love you !!
2018/05/01 8:27:37 pm GMT+12,Wellington ,Saturday only,One night was enough for me,6,I saw them once or twice,"Itâ€™s a space where I feel safe to be in my natural form, where I can express myself through dance and make connections with people in a way not easily done outside of the party space. ",The slippery dance floor! ,"Please be aware of the female gendered toilets using more toilet paper and hand towels! I had to keep telling bar staff to go and replace them. 

More room to stretch out in the chill space. 

",Not yet,7,"A Long Weekend Festie (camping, music, dancing, workshops, talks)",up to 2.0 hrs,
2018/05/01 8:29:33 pm GMT+12,Wellington,Saturday only,One night was enough for me,7,"Yeah, they were easy to recognise and saw them a lot","Loved the safe, not creepy, empowered vibe",dance area was very stuffy and uncomfortable - the fault of the boat is all!,"bar was understaffed so waits for drinks were longer than ideal, not a major issue","Yes, once",4,"A Weekend Doof (camping, bass music, dancing)",up to 1 hr,
2018/05/01 8:30:48 pm GMT+12,Wellington ,Friday only,One night was enough for me,7,The GT- Whhaaaat? No idea what you are on about.,Cheaper drinks was a major plus ,Nothing ,More variety in music ,Not yet,7,"A Weekend Doof (camping, bass music, dancing)",any distance,I would travel if it was a festival with the vibe of chur burn but like RnV
2018/05/01 8:31:34 pm GMT+12,Wellington ,Saturday only,One night was enough for me,6,I saw them once or twice,"A chance to dress up, have a mean party and catch up with friends ",Excessive d floor sweat,More oranges! But perhaps a change up to the location to freshen up the sweat,"Yes, 2 to 5 times",7,"A Long Weekend Festie (camping, music, dancing, workshops, talks)",up to 3.0 hrs,
2018/05/01 8:33:08 pm GMT+12,Wellington,Friday only,"I went ONE night, but would go for two nights next year",7,I knew about them but didn't see them,The environment. So loving+,No negatives ,No specific ideas ,Not yet,7,"A Long Weekend Festie (camping, music, dancing, workshops, talks)",up to 3.0 hrs,I had such an amazing time. I wanted to go to kiwi burn but felt reticent but now I know it will be amazing!
2018/05/01 8:35:23 pm GMT+12,Wellington,Saturday only,"I went ONE night, but would go for two nights next year",6,I knew about them but didn't see them,Multiple zones with very different feels. Loved Gypsy Hendrix playing in the middle then going down to the heavy bass,"The boiler room at the bottom of the boat sounded awesome but it was marred by the humidity of it. You got that sudden heat when descending  the stairs, and could feel the moisture when you breathed in- the walls were dripping in it! Iâ€™d love a more open space with a bit more fresh air and less sweat. ",See above about bottom level,"Yes, 2 to 5 times",7,"A Longer Larger Festival (camping, music, dancing, workshops, performances, multiple stages/zones)",up to 4.0 hrs,Love Chur and everything Kiwiburn. Those last questions make me very excited... bring on a Chur festival!!!
2018/05/01 8:35:43 pm GMT+12,Porirua,BOTH!,I went TWO nights and would do two nights again next year,7,"Yeah, they were easy to recognise and saw them a lot","The ease in which one can make new, good quality friends","Drinks on the dance floor. Spills happen, thatâ€™s fine. Letâ€™s be prepared for that shit and have a mop or two at the ready!",Even more space for snugs!,"Yes, 2 to 5 times",6,"A Long Weekend Festie (camping, music, dancing, workshops, talks)",up to 1.5 hrs,You all rock. Friday was amazing. Saturday was even better. Loved last year. Loved this year. Serious bass therapy and my heart is full. Thank you team!
2018/05/01 8:39:14 pm GMT+12,Wellington ,Saturday only,One night was enough for me,7,I saw them once or twice,The vibe,Plastic cups!!,Would also like more variety on premixed drinks (these are easier on the dance floor compared to a glass),"Yes, once",7,"A Long Weekend Festie (camping, music, dancing, workshops, talks)",up to 2.0 hrs,I had an awesome time at Chur at kiwiburn and a great time at Chur burn...keep it up! You guys are awesome!!
2018/05/01 8:40:49 pm GMT+12,Wellington,Saturday only,"I went ONE night, but would go for two nights next year",7,I knew about them but didn't see them,"Radical self expression, the bass","While it's cool having zones, the stairs make it a bit of a mish on the boat",cosier snug,"Yes, once",7,"A Long Weekend Festie (camping, music, dancing, workshops, talks)",up to 2.0 hrs,
2018/05/01 8:41:33 pm GMT+12,Wellington,Saturday only,"I went ONE night, but would go for two nights next year",6,I saw them once or twice,Self expression!,"I dislike the amount of sweat.... Ventilation seriously needed, especially in the dampness of the boat.",People monitoring others intoxication. Harm reduction is important to our community. ,"Yes, once",7,"A Weekend Doof (camping, bass music, dancing)",up to 3.0 hrs,
2018/05/01 8:43:26 pm GMT+12,Wellington,Saturday only,One night was enough for me,7,"Yeah, they were easy to recognise and saw them a lot",Feeling sensual and safe with beautiful people,,Less cramped venue,"Yes, 5 or more times",4,"A Weekend Doof (camping, bass music, dancing)",up to 1 hr,
2018/05/01 8:43:35 pm GMT+12,Lower hutt,BOTH!,I went TWO nights and would do two nights again next year;I could probably do a third night,7,"Yeah, they were easy to recognise and saw them a lot",The love! ,Lose nothing! Itâ€™s all perfect. ,Maybe covers for the outside part? Probably not possible but it always rains :( ,"Yes, 2 to 5 times",7,"A Longer Larger Festival (camping, music, dancing, workshops, performances, multiple stages/zones)",any distance,"Thank you so much for all the consent awareness! I saw a security guard talking to a guy about being too full on with the ladies, that was honestly amazing, Iâ€™ve never seen that before. The posters were so good! Consent culture all the way! <3 you folks get it! I love you all xox "
2018/05/01 8:45:15 pm GMT+12,Auckland ,Friday only,"I went ONE night, but would go for two nights next year;I don't mind either way",6,I saw them once or twice,Free space for exploration ,Staff were a little fked up too and couldn't help eg: when music broke ,,Not yet,6,"A Long Weekend Festie (camping, music, dancing, workshops, talks)",any distance,
2018/05/01 8:50:24 pm GMT+12,Wellington,BOTH!,I went TWO nights and would do two nights again next year;I could probably do a third night,7,I saw them once or twice,"Inclusive, safe, consent based ðŸ™‚",N/A,More decor on entry/mid level floor ,"Yes, 2 to 5 times",7,"A Long Weekend Festie (camping, music, dancing, workshops, talks)",up to 4.0 hrs,
2018/05/01 8:50:40 pm GMT+12,Wellington,BOTH!,I could probably do a third night,6,"Yeah, they were easy to recognise and saw them a lot","The people and their spirits, the expression of what and who we are",Sticky floor and overly intoxicated people ,Maybe some food options?,"Yes, 2 to 5 times",5,"A Long Weekend Festie (camping, music, dancing, workshops, talks)",up to 2.0 hrs,Thank you all so much for a great weekend!!
2018/05/01 8:57:43 pm GMT+12,wellington,Saturday only,One night was enough for me,5,I saw them once or twice,"half time oranges, the post, coat check and the podium where people could dance in front of a fan. ",loud music in the snug area,"more organised performances and performance areas (pole was really difficult with the amount of people so close by), and I was never sure who was performing and who was just looking great and doing their thang","Yes, 2 to 5 times",6,"A Weekend Doof (camping, bass music, dancing)",up to 4.0 hrs,"As long as previous consent issues within the chur and burner communities have been resolved or are working towards being resolved, i have no issue with continuing to support chur. "
2018/05/01 8:59:07 pm GMT+12,Auckland ,BOTH!,I went TWO nights and would do two nights again next year,7,I knew about them but didn't see them,Amazing music. ,Vibes were cliquey and not inclusive at all and I donâ€™t see that changing because they arenâ€™t aware,Stop the cliques!!,"Yes, once",6,"A Longer Larger Festival (camping, music, dancing, workshops, performances, multiple stages/zones)",any distance,Please discourage the clique vibe of people there. It ruins the inclusive nature of burns when most of the people donâ€™t want to engage and have made their minds up already on what is cool
2018/05/01 9:01:59 pm GMT+12,Wellington,BOTH!,I went TWO nights and would do two nights again next year,7,"Yeah, they were easy to recognise and saw them a lot",The different spaces/vibes - always feel like there's a place I feel like being!,,,"Yes, 2 to 5 times",7,"A Long Weekend Festie (camping, music, dancing, workshops, talks)",up to 4.0 hrs,
2018/05/01 9:05:48 pm GMT+12,Wellington,BOTH!,I went TWO nights and would do two nights again next year;I could probably do a third night,6,I saw them once or twice,"The ability to radically express myself, and see so many forms of self expression. The zones....so many zones....and that it's accessible so I don't feel like I'm totally missing the burn experience  (not managed to get to kb yet....)",The bar in the hull....I dislike drinking on the dance floor and all the moop left underfoot and around the sides,"Loved the idea of the event guide, would be awesome to have one of these a little sooner so I can squash   in even more epic churness",Not yet,7,"A Long Weekend Festie (camping, music, dancing, workshops, talks)",up to 1 hr,You guys are awesome
2018/05/01 9:08:09 pm GMT+12,Wellington,Friday only,One night was enough for me,6,I knew about them but didn't see them,"The opportunity to be myself in an accepting environment. The sound system was fucking awesome. BASS, BASS, BASS. Keep bringing the bass for those of us that worship",Having to finish at 4am. It'd be nice to have an option to transition to a chilling out type space afterwards. I also was a bit disappointed by the little 'pop up' bar that appeared at the bottom of the stairs by the dance floor. It'd be nice to have the commerce a bit away from the dance floor or maybe a way to have the party as BYO. A bit earlier notice about the themes for the various nights and respective lineups would have been good...,A bit earlier notice about the themes for the various nights and respective lineups would have been good...,"Yes, 2 to 5 times",7,"A Long Weekend Festie (camping, music, dancing, workshops, talks)",up to 4.0 hrs,Love what you do! More women djing?
2018/05/01 9:17:37 pm GMT+12,Wellington,BOTH!,I went TWO nights and would do two nights again next year;I could probably do a third night,7,I knew about them but didn't see them,The focus on freedom of expression and affirmative consent.,,It was toooo sweaty and hot downstairs. Moshers need ventilation!,Not yet,7,"A Longer Larger Festival (camping, music, dancing, workshops, performances, multiple stages/zones)",up to 2.0 hrs,I loved that it was within city limits. Having it closer to a cbd is perfect and convenient to attract new burners. No camping required.
2018/05/01 9:24:57 pm GMT+12,Auckland,BOTH!,I could probably do a third night,6,I saw them once or twice,Fun and randomness,Bars! Too slow and didnâ€™t seem interested in serving. ,"A snug/chill spot by the dance zone at the bottom!! Near the stairs wouldâ€™ve been cool, sometimes you donâ€™t feel like dancing but want to listen to the music. ","Yes, once",7,"A Longer Larger Festival (camping, music, dancing, workshops, performances, multiple stages/zones)",any distance,
2018/05/01 9:38:01 pm GMT+12,mount maunganui,BOTH!,I went TWO nights and would do two nights again next year,7,I saw them once or twice,the people and the d floor,,,"Yes, 2 to 5 times",7,"A Longer Larger Festival (camping, music, dancing, workshops, performances, multiple stages/zones)",any distance,
2018/05/01 9:54:31 pm GMT+12,Auckland,BOTH!,I went TWO nights and would do two nights again next year,7,"Yeah, they were easy to recognise and saw them a lot","The awesome people are definitely #1, the great music, the sense of openness to express yourself however you like (within reason of course)",Nothing!,Make time slow down so that it lasts longer :),"Yes, once",7,"A Longer Larger Festival (camping, music, dancing, workshops, performances, multiple stages/zones)",any distance,"I honestly can't think of anything else to say, you guys did a great job!"
2018/05/01 10:00:50 pm GMT+12,Wellington,BOTH!,I went TWO nights and would do two nights again next year,7,"Yeah, they were easy to recognise and saw them a lot",Post,Better snugs.,Better snugs. ,"Yes, 2 to 5 times",7,"A Longer Larger Festival (camping, music, dancing, workshops, performances, multiple stages/zones)",any distance,
2018/05/01 10:04:31 pm GMT+12,Wellington ,Saturday only,I don't mind either way,7,I saw them once or twice,Reconnecting with the community ,,A gigantic extractor fan on the dance floor ,"Yes, 5 or more times",6,"A Long Weekend Festie (camping, music, dancing, workshops, talks)",up to 2.0 hrs,
2018/05/01 10:06:35 pm GMT+12,Wellington,BOTH!,I went TWO nights and would do two nights again next year;I could probably do a third night,7,I knew about them but didn't see them,"The authenticity of the event, organizers and people",The typical bad weather ðŸ˜‚,Harm reduction.,Not yet,5,"A Long Weekend Festie (camping, music, dancing, workshops, talks)",up to 1.5 hrs,
2018/05/01 10:29:58 pm GMT+12,Wellington,Friday only,I don't mind either way,4,The GT- Whhaaaat? No idea what you are on about.,The hugs,Performers,,"Yes, 5 or more times",1,,,
2018/05/01 10:37:04 pm GMT+12,Dunedin ,Saturday only,"I went ONE night, but would go for two nights next year",7,I knew about them but didn't see them,Community and seeing all the friendly faces in a raging boat of profane souls ,Could utilise the middle floor a bit more. It's good having that space for water and to talk but maaaaybe something else could fit in there? Turn a booth into a snug booth? Acoustic musicians (I am picturing a wandering lutist singing ballads of yesteryear. Or wonderwall. That's pretty dope too. ),Not much imho. You guys are doing a great job,"Yes, once",7,"A Longer Larger Festival (camping, music, dancing, workshops, performances, multiple stages/zones)",any distance,You guys rock!!
2018/05/01 10:38:35 pm GMT+12,Wellington,BOTH!,I went TWO nights and would do two nights again next year,7,I knew about them but didn't see them,Freedom to be me and da bass!!!,,Put the Craig Smith set on later ,"Yes, once",5,"A Weekend Doof (camping, bass music, dancing)",up to 3.0 hrs,
2018/05/01 10:43:19 pm GMT+12,Auckland ,BOTH!,I went TWO nights and would do two nights again next year;I could probably do a third night,7,"Yeah, they were easy to recognise and saw them a lot","Dancing, costumes, friends, music, burn principles ",,,"Yes, 2 to 5 times",7,"A Longer Larger Festival (camping, music, dancing, workshops, performances, multiple stages/zones)",any distance,
2018/05/01 11:38:12 pm GMT+12,Wellington. ,Friday only,"I went ONE night, but would go for two nights next year",7,"Yeah, they were easy to recognise and saw them a lot",The inclusivity ,Nothing!! ,More hydration please ,Not yet,7,"A Weekend Doof (camping, bass music, dancing)",up to 2.0 hrs,
2018/05/02 12:03:18 am GMT+12,Wellington ,Friday only,"I went ONE night, but would go for two nights next year",7,I saw them once or twice,,,,"Yes, once",6,"A Weekend Doof (camping, bass music, dancing)",up to 3.0 hrs,
2018/05/02 12:05:46 am GMT+12,Traveling,BOTH!,I went TWO nights and would do two nights again next year,6,I saw them once or twice,It feels like a mini kiwi-burn,,,"Yes, once",6,"A Weekend Doof (camping, bass music, dancing)",up to 3.0 hrs,I appreciated the ear plugs provided at the dancefloor
2018/05/02 12:11:38 am GMT+12,Wellington,BOTH!,I went TWO nights and would do two nights again next year,7,I knew about them but didn't see them,The community! The vibes! The tuuuuunes! Getting freaky af and throwin it all down hard with a bunch of other beautiful weirdos! ,The bar staff were fuuuuucken average! You could also lose about a hundred people and the lack of fans down below. ,"Fans for the d-floor! Better music on the Friday night, moar snugs! ","Yes, 2 to 5 times",7,"A Longer Larger Festival (camping, music, dancing, workshops, performances, multiple stages/zones)",any distance,"Moar Chur! Moar bass! More of the beautiful community, the good times, the sacred and the profane! "
2018/05/02 12:54:53 am GMT+12,Wellington,BOTH!,I went TWO nights and would do two nights again next year,7,I saw them once or twice,The people who surround you,,More people doing activities like secret tattoo or tarot etc ,Not yet,7,"A Longer Larger Festival (camping, music, dancing, workshops, performances, multiple stages/zones)",up to 3.0 hrs,Organisation was very impressive! I would love to volunteer next time to highlight your amazing work
2018/05/02 1:03:46 am GMT+12,Wellington,BOTH!,I went TWO nights and would do two nights again next year,7,I saw them once or twice,Atmosphere and the wildness of it...,N/A,Bigger venue...,Not yet,7,"A Longer Larger Festival (camping, music, dancing, workshops, performances, multiple stages/zones)",up to 3.0 hrs,
2018/05/02 6:25:40 am GMT+12,Mount Maunganui ,BOTH!,I went TWO nights and would do two nights again next year;I could probably do a third night,7,I saw them once or twice,Self Expression ,Naaaaa,A second stairwell ,"Yes, 5 or more times",7,"A Longer Larger Festival (camping, music, dancing, workshops, performances, multiple stages/zones)",any distance,
2018/05/02 7:46:47 am GMT+12,Wellington ,Saturday only,One night was enough for me,4,The GT- Whhaaaat? No idea what you are on about.,The loseness ,"Only really being and upstairs and down stairs. To hard to stay in the middle due to layout. Also, the amount of plastic moop! ",Make front of boat another spot of some sort. Was difficult to tell with the band and if it was off limits,"Yes, once",5,"A Weekend Doof (camping, bass music, dancing)",up to 1 hr,
2018/05/02 8:01:44 am GMT+12,Wellington,Saturday only,One night was enough for me;I don't mind either way,7,I saw them once or twice,Freedom and openness ,,Every 3-4 months ,"Yes, once",7,"A Long Weekend Festie (camping, music, dancing, workshops, talks)",up to 2.0 hrs,
2018/05/02 8:31:29 am GMT+12,Wellington,Friday only,One night was enough for me,7,I saw them once or twice,The people and how open & free they are,Two nights - better to have one big bang party,,"Yes, once",3,"A Weekend Doof (camping, bass music, dancing)",up to 1 hr,
2018/05/02 8:33:20 am GMT+12,Wellington ,Friday only,"I went ONE night, but would go for two nights next year",6,I saw them once or twice,Most people there wanted to have a good time and others to have a good time. ,Some people there just going to get fucked up and not wanting others to be happy,More cups and water stations,"Yes, once",5,"A Long Weekend Festie (camping, music, dancing, workshops, talks)",up to 1.5 hrs,
2018/05/02 8:36:10 am GMT+12,Wellington,Friday only,"I went ONE night, but would go for two nights next year",7,"Yeah, they were easy to recognise and saw them a lot",The safe environment,,A better water dispensary,Not yet,7,"A Weekend Doof (camping, bass music, dancing)",up to 3.0 hrs,Best event ive been to in Wellington hands down. 
2018/05/02 8:37:57 am GMT+12,Wellington,Friday only,I could probably do a third night,7,I knew about them but didn't see them,"creative freedom, dancing, sexiness 3","I was fine with it, but a few friends didn't like that it was all trap music, and wanted some decent house etc. ",free drinks,"Yes, once",5,"A Long Weekend Festie (camping, music, dancing, workshops, talks)",up to 3.0 hrs,"you all rock!! thank you!
and actually, great effort on raising awareness of consent issues. I only heard good reports"
2018/05/02 8:41:56 am GMT+12,Wellington ,Friday only,One night was enough for me,5,"Yeah, they were easy to recognise and saw them a lot",Good music nice people,The vague description of dress up. Pick a strong ahead of time so itâ€™s clear how much effort to put for the costume. I put a lot of effort while others just wore essentially underwear. ,Cheaper drinks. ,"Yes, once",6,"A Long Weekend Festie (camping, music, dancing, workshops, talks)",up to 2.0 hrs,
2018/05/02 8:47:05 am GMT+12,Wellington,Friday only,One night was enough for me,6,"Yeah, they were easy to recognise and saw them a lot",The vibe and the hard work put in by volunteers.,Mugginess on the dancefloor?,Some kind of extraction system for the dancefloor.,"Yes, 5 or more times",2,"A Weekend Doof (camping, bass music, dancing)",up to 30 mins,Anyone who wants a weeklong Chur festival should just come along to Kiwiburn.
2018/05/02 8:48:02 am GMT+12,Wellington,BOTH!,I don't mind either way,6,The GT- Whhaaaat? No idea what you are on about.,Amazing human beings - connections; snuggles; dancing,4am shut down,all nighter option,"Yes, once",7,"A Long Weekend Festie (camping, music, dancing, workshops, talks)",up to 2.0 hrs,
2018/05/02 8:49:57 am GMT+12,Wellington,Friday only,"I went ONE night, but would go for two nights next year",7,I saw them once or twice,The people/atmosphere ,nothing!,Some sort of ride,Not yet,7,"A Weekend Doof (camping, bass music, dancing)",up to 30 mins,
2018/05/02 8:58:22 am GMT+12,Wellington,BOTH!,I went TWO nights and would do two nights again next year,7,I saw them once or twice,"The costumes, the respect, and the activities","Not sure, it was pretty amazing!","Not sure, it was pretty amazing!",Not yet,7,"A Longer Larger Festival (camping, music, dancing, workshops, performances, multiple stages/zones)",up to 3.0 hrs,
2018/05/02 9:03:19 am GMT+12,Wellington,BOTH!,I went TWO nights and would do two nights again next year,7,I saw them once or twice,An opportunity to connect with so many incredible people in such a fun and safe space,,"ANOTHER CHUR BURN! haha, or at least more than one event a year (aside from KB). would love to feel the warmth from the community more than twice a year :) I really enjoyed the juices/tattoo/mail/body art sections - having little spaces like them to discover and enjoy was such a gift. would love to see more of that in the future even","Yes, 2 to 5 times",7,"A Long Weekend Festie (camping, music, dancing, workshops, talks)",up to 4.0 hrs,You're all wicked thank you x
2018/05/02 9:05:41 am GMT+12,Christchurch,Friday only,One night was enough for me,7,"Yeah, they were easy to recognise and saw them a lot",Safe environment to experiment and dance to filthy bass beats until my legs fall off :) ,,"I actually felt that the two night weekend split the people and meant that the dancefloor wasn't as full later on Friday night. I'm not sure how it was on Sat, but I think just having one BIG night would focus the event more and have more people going hard for one night. (that's how I like to party :)
If I went for two nights I would have to take the next few days off work, and while that's great for kiwiburn, it's not something I can do for a work week.","Yes, once",6,"A Weekend Doof (camping, bass music, dancing)",up to 1 hr,
2018/05/02 9:06:35 am GMT+12,Wellington,BOTH!,One night was enough for me,5,The GT- Whhaaaat? No idea what you are on about.,The people,lack of cover in smoking area,better coat check systems,Not yet,7,"A Weekend Doof (camping, bass music, dancing)",any distance,
2018/05/02 9:13:58 am GMT+12,Wellington,BOTH!,I went TWO nights and would do two nights again next year,7,"Yeah, they were easy to recognise and saw them a lot",The unbelievable amounts of care and effort that is put into making it a safe space to let loose! ,?,Nang bar ;) ,"Yes, 2 to 5 times",7,"A Weekend Doof (camping, bass music, dancing)",any distance,
2018/05/02 9:26:38 am GMT+12,Wellington,BOTH!,"I went ONE night, but would go for two nights next year",7,I saw them once or twice,People ,N/A,Music,Not yet,7,"A Longer Larger Festival (camping, music, dancing, workshops, performances, multiple stages/zones)",up to 2.0 hrs,
2018/05/02 9:28:21 am GMT+12,wellington,BOTH!,One night was enough for me,6,I saw them once or twice,"Really easy to get to, close to CBD",More staff on bar & scheduled dancers,multiple dance floors,"Yes, once",5,"A Long Weekend Festie (camping, music, dancing, workshops, talks)",up to 2.0 hrs,
2018/05/02 9:33:41 am GMT+12,Wellington,Saturday only,One night was enough for me,7,"Yeah, they were easy to recognise and saw them a lot",,,The snug pit got too deep on one side. it worked heaps better when the path was through the middle,"Yes, 2 to 5 times",7,"A Long Weekend Festie (camping, music, dancing, workshops, talks)",any distance,
2018/05/02 9:35:05 am GMT+12,Tauranga,Saturday only,"I went ONE night, but would go for two nights next year",7,I knew about them but didn't see them,Good vibes and the freedom to be myself,,More Chur Burns!!,"Yes, 5 or more times",7,"A Long Weekend Festie (camping, music, dancing, workshops, talks)",up to 4.0 hrs,
2018/05/02 9:38:24 am GMT+12,Wellington,Friday only,One night was enough for me,7,I saw them once or twice,I LOVED the chill spaces.  Also enjoyed dancing to some good beats.,The main area where the food and bar were was a bit overly lit.,,"Yes, 5 or more times",5,"A Long Weekend Festie (camping, music, dancing, workshops, talks)",up to 1.5 hrs,I really appreciated the amount of work that clearly went into putting on a really fun event.
2018/05/02 9:39:43 am GMT+12,Wellington,Saturday only,One night was enough for me,5,I saw them once or twice,That it's my burner community.,"I'm on the fence about the heavy focus on sex-positivity at Chur events. I don't disagree with the message, but it can be isolating for those who just want the community/party side of things.","I'd suggest a focus on what you've got, which works awesomely, rather than looking to grow and expand the offering.","Yes, 5 or more times",3,"A Weekend Doof (camping, bass music, dancing)",up to 30 mins,"The bar was dire. No gin, and only cheap spirits. Missed opportunity for oyu or the venue to get some coin there."
2018/05/02 9:39:56 am GMT+12,wellington,BOTH!,I went TWO nights and would do two nights again next year,7,"Yeah, they were easy to recognise and saw them a lot",radical self expression and connecting with people ,,a few more fans downstairs to cool it down! somehow cover the entryway to the boat so smoking area is sheltered :-),"Yes, once",6,"A Long Weekend Festie (camping, music, dancing, workshops, talks)",up to 4.0 hrs,
2018/05/02 9:47:19 am GMT+12,Wellington,Friday only,One night was enough for me,7,The GT- Whhaaaat? No idea what you are on about.,Everything!,,,"Yes, once",6,"A Long Weekend Festie (camping, music, dancing, workshops, talks)",up to 3.0 hrs,
2018/05/02 9:54:14 am GMT+12,Palmerston North,BOTH!,I went TWO nights and would do two nights again next year,7,I knew about them but didn't see them,The dancing and interactions with mates. Particularly the outfits but that is a normative with burn events... I really appreciated the effort to try and push/ create more events for that weekend this year.,Nothing,Better laid out and intricate snug zone. More interactivity in it. It was really really bland. The layout stopped flow and the decor made it seem it was thrown together.,"Yes, 2 to 5 times",7,"A Long Weekend Festie (camping, music, dancing, workshops, talks)",up to 4.0 hrs,"For this kind of Chur festival with a burn focus, the question I have is who are you really trying to reach out to with these events? Clearly since Chur is primarily focused on dancing (which you guys are quite good at) there is that side but you do other talks at kiwiburn quite well. How are you distinguishing yourself from Kiwiburn and other festivals? If you do dance and party only then focus on that and hit it out hard. But don't sacrifice it to try and reach out to other areas unless you have a good base so it doesn't seem half put together. This can be seen at Chur Burn with the snug zone (in one aspect) where actively reaching out to other camps or individuals would work best (like last year).
I guess the other aspect for these events, or future events, is what are you doing that is unique to push novel experiences that are different year to year? So it's not the same every time. Bring elements of what you've done in the past and build onto it into different areas. How are you reaching out to individuals who are there that primarily go to the snug zone only (like some of my mates)? What service are you providing them? Or what kind of participation are you wanting from them as well? Keep it innovative. Yes, burn principles is about giving back and radical inclusion (etc.) from all participants but this is YOUR fundraiser. How are you making all individuals who come in from different walks of life included? I had a mate who left right from the get go on friday night because he felt he didn't feel represented. Yes, it's not an event for everyone but people go because they connected somehow at kiwiburn and want to continue that. He didn't get that here. It's a variety of interactive activities, design, decorations, and FLOW that helps with it. When you are on top of the game and people look up to you, you have to keep evolving and be creative to push the limits of novel experiences to keep it going. You have to connect on a much wider level."
2018/05/02 9:58:00 am GMT+12,Wellington,Friday only,One night was enough for me,7,I knew about them but didn't see them,the people,n/a,all nighter,Not yet,7,"A Long Weekend Festie (camping, music, dancing, workshops, talks)",any distance,
2018/05/02 10:01:32 am GMT+12,Wellington ,BOTH!,I could probably do a third night,7,"Yeah, they were easy to recognise and saw them a lot",So many different people all together just to party,I didn't like the toilet queue ,Fan downstairs ,"Yes, once",5,"A Long Weekend Festie (camping, music, dancing, workshops, talks)",up to 2.0 hrs,
2018/05/02 10:03:14 am GMT+12,wellington,Saturday only,"I went ONE night, but would go for two nights next year",7,"Yeah, they were easy to recognise and saw them a lot",bass,all good,,"Yes, once",7,"A Long Weekend Festie (camping, music, dancing, workshops, talks)",up to 2.0 hrs,
2018/05/02 10:13:49 am GMT+12,Wellington,BOTH!,I went TWO nights and would do two nights again next year,7,"Yeah, they were easy to recognise and saw them a lot",People,na,"maybe have the live music elsewhere, or have a space for chill live music upstairs","Yes, 2 to 5 times",5,"A Longer Larger Festival (camping, music, dancing, workshops, performances, multiple stages/zones)",up to 3.0 hrs,
2018/05/02 10:28:37 am GMT+12,Auckland,BOTH!,I went TWO nights and would do two nights again next year;I could probably do a third night,7,I saw them once or twice,The people that this event attracted were all super nice humans. Maybe it's because this was kept fairly small?,,MORE PILLOWS AND FLUFFY STUFF,"Yes, 2 to 5 times",7,"A Long Weekend Festie (camping, music, dancing, workshops, talks)",any distance,"Hm... if we can have a slightly bigger space for the dance floor, maybe can section the back off for people who might not want to perform on stage but will still like some space to dance with their flow toys to the amazing music? It was fine at the beginning of the night but later on you couldn't really do it when it got super busy."
2018/05/02 10:31:06 am GMT+12,Wellington,Saturday only,I don't mind either way,5,The GT- Whhaaaat? No idea what you are on about.,The space provided to have Burn-style parties for people like me that can't take a week off work to head up to the Paddock.,,Ventilation on the dance floor 'cause damn. ,"Yes, once",4,"A Weekend Doof (camping, bass music, dancing)",up to 30 mins,"More a comment on the venue, really, the boat's bar staff seemed quite overwhelmed and I think it might have been the first night for some of them. Also they seemed somewhat understocked so maybe next time make sure the venue is prepared for two nights of caners?"
2018/05/02 10:38:37 am GMT+12,Auckland,Saturday only,"I went ONE night, but would go for two nights next year",7,"Yeah, they were easy to recognise and saw them a lot",Freedom of expression,So hot downstairs,More cuddle space,"Yes, once",7,"A Longer Larger Festival (camping, music, dancing, workshops, performances, multiple stages/zones)",any distance,
2018/05/02 10:53:20 am GMT+12, wellington,Saturday only,I went TWO nights and would do two nights again next year,6,The GT- Whhaaaat? No idea what you are on about.,"The safe environment and commitment to addressing stopping, sexual violence big and small.","the ""street clothes are not ok"" type statements in your communications. It's kinda hard not to read this as ""people who aren't fabulous shouldn't come"", ie not radical inclusion.",,"Yes, 5 or more times",5,"A Weekend Doof (camping, bass music, dancing)",up to 3.0 hrs,Just thank you!
2018/05/02 10:56:54 am GMT+12,Dunedin,Saturday only,One night was enough for me,7,"Yeah, they were easy to recognise and saw them a lot",The energy and inclusiveness,all good,,"Yes, 2 to 5 times",6,"A Weekend Doof (camping, bass music, dancing)",any distance,Bit more funk on the dance floor
2018/05/02 10:58:33 am GMT+12,Wellington ,BOTH!,One night was enough for me,7,I saw them once or twice,Burner people,Change the music!!! ,Change the music!!! ,"Yes, once",2,"A Long Weekend Festie (camping, music, dancing, workshops, talks)",up to 1.5 hrs,"Improve the music, house please."
2018/05/02 10:59:37 am GMT+12,Wellington,Friday only,I don't mind either way,7,I saw them once or twice,"As a woman, partying with people respecting me and my space.",,,"Yes, 2 to 5 times",6,"A Long Weekend Festie (camping, music, dancing, workshops, talks)",up to 3.0 hrs,
2018/05/02 11:15:08 am GMT+12,Wellingtron,Saturday only,One night was enough for me,7,The GT- Whhaaaat? No idea what you are on about.,Costumes,"Chur's traditional shite music, but I guess since no club in the city would put that kind of bass music on, we just have to tolerate you guys two days a year. (Not Paige) (or Leo)",House music,"Yes, 5 or more times",6,"A Long Weekend Festie (camping, music, dancing, workshops, talks)",up to 3.0 hrs,I'd say a 2/3 day festival with theme camps like a back to basics Kiwiburn
2018/05/02 11:33:00 am GMT+12,Wellington ,BOTH!,I went TWO nights and would do two nights again next year,7,I saw them once or twice,The community,Less bass (satire),More of it. (Festival),"Yes, 5 or more times",7,"A Longer Larger Festival (camping, music, dancing, workshops, performances, multiple stages/zones)",up to 3.0 hrs,More performance pls. 
2018/05/02 11:40:39 am GMT+12,Gisborne,Saturday only,"I went ONE night, but would go for two nights next year",7,The GT- Whhaaaat? No idea what you are on about.,"the safety, good vibes and whanau love ",tHe RaIn hua hua hua hua hua,it was so good seriously yall jst fishing for compliments ,"Yes, once",7,"A Long Weekend Festie (camping, music, dancing, workshops, talks)",any distance,if you guys threw any kind of festival out of the three above i'd be there
2018/05/02 11:44:35 am GMT+12,Wellington ,BOTH!,I could probably do a third night,5,I saw them once or twice,Dancing / freaks,Some way to soften the er â€˜masculinityâ€™ / Getting cleared out at 4,Outdoor venue with overnight option,"Yes, 2 to 5 times",7,"A Long Weekend Festie (camping, music, dancing, workshops, talks)",up to 3.0 hrs,Maybe more induction / commitment to no Moop
2018/05/02 11:47:09 am GMT+12,Wellington,BOTH!,I went TWO nights and would do two nights again next year,7,"Yeah, they were easy to recognise and saw them a lot",The peeps,,More chilled music in the snug,Not yet,5,"A Weekend Doof (camping, bass music, dancing)",up to 2.0 hrs,
2018/05/02 12:33:00 pm GMT+12,Auckland,BOTH!,I went TWO nights and would do two nights again next year;I could probably do a third night,7,I knew about them but didn't see them,,,,"Yes, 2 to 5 times",7,"A Weekend Doof (camping, bass music, dancing)",any distance,
2018/05/02 12:42:38 pm GMT+12,Wellington ,BOTH!,I went TWO nights and would do two nights again next year,7,I knew about them but didn't see them,Being able to party and connect with my friends and the burner community ,to many people or a better way to get from the top to the bottom floor ,nothing its fantastic ,"Yes, 2 to 5 times",7,"A Long Weekend Festie (camping, music, dancing, workshops, talks)",any distance,No thanks for the good times. 
2018/05/02 12:46:34 pm GMT+12,Wellington,BOTH!,I went TWO nights and would do two nights again next year;I could probably do a third night,7,I knew about them but didn't see them,"Freedom of expression, Respectful and safe environment, Dope music and party vibes","The set performers (pixel whip, dancers). Or give them a proper stage that we know who they are (and can respect their space/performance time)","More pillows, throws, bean bags in the Snug area - this year felt a bit scarce and not very comfy.","Yes, 2 to 5 times",7,"A Long Weekend Festie (camping, music, dancing, workshops, talks)",up to 2.0 hrs,Thank you for the huge amount of organization that went into this amazing weekend! You guys did a fantastic job and your effort is appreciated by the community <3
2018/05/02 1:03:30 pm GMT+12,Wellington,BOTH!,One night was enough for me,5,"Yeah, they were easy to recognise and saw them a lot",The accepting vibe (and the effort everyone goes to with their costumes!),,More fans downstairs ,"Yes, 2 to 5 times",7,"A Longer Larger Festival (camping, music, dancing, workshops, performances, multiple stages/zones)",up to 2.0 hrs,
2018/05/02 1:06:57 pm GMT+12,Wellington,Saturday only,One night was enough for me,6,I saw them once or twice,The friendly and open environment,"There was no quiet space, even the cuddle puddle was pretty active and loud",Information about all the things going on - I missed out on some great stuff! ,Not yet,6,"A Long Weekend Festie (camping, music, dancing, workshops, talks)",up to 3.0 hrs,"A really good time but tbh not a great burn introduction. It would be cool to have information available and obvious on website, emails, or on site, about how the cuddle puddle works, etc. "
2018/05/02 1:25:02 pm GMT+12,Manawatu,Saturday only,One night was enough for me,7,I saw them once or twice,Connecting with beautiful weirdos,N/A,"Two things. 

1. I would stick with only doing the one night. I went on the Saturday this year and it felt like there was no way near as many people who attended as there was the previous â€˜one night onlyâ€™ years.

2. The music. The music was absolute garbage this year. I came to dance any there was nothing worth dancing to.  ","Yes, 2 to 5 times",7,"A Long Weekend Festie (camping, music, dancing, workshops, talks)",any distance,Relaxed atmosphere and I really enjoyed myself (bar the music). 
2018/05/02 1:25:25 pm GMT+12,Welly,BOTH!,I went TWO nights and would do two nights again next year,7,I knew about them but didn't see them,"The accepting crowd, the performers, the costumes. The fact it was something very different by being on a boat gave it unique flavour. ","I think overall it was great, hard to say what to loose! But in terms of more - more go go dancers and performances always great, more of an outdoor area, maybe some more/better food. ",Make it a festival,"Yes, 5 or more times",7,"A Longer Larger Festival (camping, music, dancing, workshops, performances, multiple stages/zones)",any distance,"Great event, from an event managers perspective you ticked all the boxes for me - safe, fun, unique, welcoming, multi zones etc. My friends and I had a fucking great couple of nights and are still beaming from it. Well done!!!!"
2018/05/02 1:27:41 pm GMT+12,Wellington,BOTH!,I went TWO nights and would do two nights again next year,7,I saw them once or twice,Music,Surprise tattoos,A tarp for shelter outside for when it rained.,"Yes, 2 to 5 times",7,"A Longer Larger Festival (camping, music, dancing, workshops, performances, multiple stages/zones)",any distance,More iceblocks and fans ( For sale is fine) for super hot peak hours on the D-floor
2018/05/02 1:28:49 pm GMT+12,Wellington,Saturday only,One night was enough for me,5,I saw them once or twice,"Chatting with friends, dancing, resting.",Lose the DJ with thumping beats in the quiet space.,"Double the number of pillows in the snug space. More dance music that isn't just D&B; maybe chuck in some 90s pop, or 80s EBM.","Yes, 2 to 5 times",2,"A Weekend Doof (camping, bass music, dancing)",up to 1 hr,
2018/05/02 2:34:46 pm GMT+12,Christchurch ,Saturday only,"I went ONE night, but would go for two nights next year",7,I saw them once or twice,"The people, the sense of community, of immediacy, of sharing and the means as partying!!",,Sangas?,"Yes, 2 to 5 times",7,"A Long Weekend Festie (camping, music, dancing, workshops, talks)",any distance,
2018/05/02 2:57:51 pm GMT+12,Auckland,BOTH!,One night was enough for me,5,"Yeah, they were easy to recognise and saw them a lot",I enjoyed being away from the mundane reality. It was refreshing. ,"It was my first time at a (nz) burn event, yet not completely foreign to the structure values/principals and environment, its not exactly unique. I did feel however it was easy to feel like you didn't belong. If you've never been to a kiwi burn gathering before. Being international I've been to many alike festivals and gatheings and reunions.I would probably not be too fussed if this event happened again, nor am I overly enthusiastic to go to any kiwi burn events in the near future. ",It seems to be working for others. So great job guys,Not yet,3,"A Weekend Doof (camping, bass music, dancing)",any distance,
2018/05/02 3:33:40 pm GMT+12,Wellington,BOTH!,I went TWO nights and would do two nights again next year,7,"Yeah, they were easy to recognise and saw them a lot","Expressing myself with what I was wearing, how I was dancing, and my interactions. The respect for personal space on the dance floor was amazing too. The security and safety in the space was awesome too. The lineup both nights fuckn rad!  Oh, and the buffer ;-)","I know it is unrealistic, but finishing at 4am is still quite challenging! If we could party later into the night that would be awesome. ",,"Yes, once",7,"A Long Weekend Festie (camping, music, dancing, workshops, talks)",any distance,
2018/05/02 3:37:33 pm GMT+12,Wellington,Saturday only,One night was enough for me,6,I saw them once or twice,Everyone dressing up,Dance floor was a bit too hot and swamp like,Maybe trying a different venue,"Yes, 2 to 5 times",3,"A Weekend Doof (camping, bass music, dancing)",up to 1.5 hrs,
2018/05/02 3:42:45 pm GMT+12,Wellington,BOTH!,I went TWO nights and would do two nights again next year,7,"Yeah, they were easy to recognise and saw them a lot",Burner community coming together for an incredible party over two days.,"Lower lighting on the main deck, minimize moop imprint on the gangplank, slippery dance floor","Chill/snug space - more snugs, chiller music....more snugs.","Yes, 5 or more times",7,"A Longer Larger Festival (camping, music, dancing, workshops, performances, multiple stages/zones)",up to 3.0 hrs,Chur!
2018/05/02 4:13:25 pm GMT+12,Wellington,Saturday only,"I went ONE night, but would go for two nights next year",6,I knew about them but didn't see them,Freedom of expression. You guys do such an amazing job and the ticket price is so accessible x,I wasn't a fan of how the performances were done. They felt pretty exclusionary at times and it was unavoidable as everything was parked right in the dance floor. I also don't think enough opportunity was given to burners to perform as opposed to elite female pole dancers who have not attended a burn before for example. And I speak as a maaaad pole dance fan. ,I think future burns could benefit from opening up performing slots to the full spectrum of burner individuals (as with the fire show Pre burning of the man) as a priority. I also think doing performances before or after certain things (e.g. Auckland decompression) or in a different area that doesn't invite spontaneous participation but then shut it down when it occurs would have been nicer for some. E.g. At the back of the dance floor - performing wouldn't be in others 'way' and other people wouldn't be in their way but everyone gets the chance to enjoy what they like. The vibe with the pole for example at KB in the chur camp was super awesome. ,"Yes, once",7,"A Longer Larger Festival (camping, music, dancing, workshops, performances, multiple stages/zones)",any distance,Thank you so much you guys are all super dope had such a great time â¤ï¸â¤ï¸â¤ï¸
2018/05/02 5:38:10 pm GMT+12,Wellington,Saturday only,I don't mind either way,4,"Yeah, they were easy to recognise and saw them a lot",,The top floor was pretty anxiety inducing relative to previous years it wasn't a very chill space and ended up being a thoroughfare mostly for people to see the deep snug space was already full and come out again slowly as they couldn't find a really relaxing space,,"Yes, 2 to 5 times",5,"A Longer Larger Festival (camping, music, dancing, workshops, performances, multiple stages/zones)",up to 2.0 hrs,
2018/05/02 5:47:09 pm GMT+12,wellington,Saturday only,One night was enough for me,7,The GT- Whhaaaat? No idea what you are on about.,,,,"Yes, once",4,"A Long Weekend Festie (camping, music, dancing, workshops, talks)",up to 2.0 hrs,
2018/05/02 6:26:20 pm GMT+12,wellington,Friday only,One night was enough for me,6,The GT- Whhaaaat? No idea what you are on about.,eclectic community,"
geeeeez the music!! awful, sorry but total mess for me","have better music. I understand people have different tastes, but I heard a lot of complaints about the music. Messy, hard to dance to etc","Yes, 2 to 5 times",2,"A Weekend Doof (camping, bass music, dancing)",up to 30 mins,"Good people, on the door in particular were the ones I was aware of. Friendly and fun"
2018/05/02 6:43:41 pm GMT+12,Wellington,Saturday only,I don't mind either way,4,I knew about them but didn't see them,"freedom to be yourself, in whatever form you choose","The sound system on the Saturday night around midnight was really bad, the bass was bleeding all over the place and sounded crap.... Decor also seemed a bit rushed too and not much.... but yeah the sound system was utter crap!",The live space middle deck was the balls! that's something to make bigger :),"Yes, 2 to 5 times",3,"A Weekend Doof (camping, bass music, dancing)",up to 4.0 hrs,"Love what you're doing dudes and dudetts, in this fine city and on the paddock. Love & Light :)"
2018/05/02 7:02:44 pm GMT+12,Wellington,Friday only,One night was enough for me,7,"Yeah, they were easy to recognise and saw them a lot",,,,Not yet,6,"A Long Weekend Festie (camping, music, dancing, workshops, talks)",up to 3.0 hrs,
2018/05/02 8:02:51 pm GMT+12,Wellington,BOTH!,I went TWO nights and would do two nights again next year,7,The GT- Whhaaaat? No idea what you are on about.,the togetherness,the angle the boat was on,ummm can't think of anything,"Yes, 2 to 5 times",7,"A Long Weekend Festie (camping, music, dancing, workshops, talks)",up to 4.0 hrs,"keep up the fabulousness, the world is a better place for it"
2018/05/02 8:52:28 pm GMT+12,wellington,Friday only,One night was enough for me,7,I saw them once or twice,so easy to make friends,Anchor. Take that baby to Tassie! Sorry. No ideas. ,that's hard. keep the bar by the dance floor though. And coat check. Hope you like my hat I forgot. It's really sparkly on top. ,"Yes, once",7,"A Long Weekend Festie (camping, music, dancing, workshops, talks)",any distance,I love swimming and think it's a great co-activity for people to do together and meet each other. So I would definitely go to a festival with a beach or river or lake on site.  
2018/05/02 9:04:04 pm GMT+12,Wellington,BOTH!,I don't mind either way,7,I saw them once or twice,"Getting to see the greater community together again, celebrating each otherâ€™s wierd and wild selves ",,,"Yes, 2 to 5 times",5,"A Weekend Doof (camping, bass music, dancing)",up to 2.0 hrs,
2018/05/02 11:02:15 pm GMT+12,Wellington,Friday only,One night was enough for me,6,I saw them once or twice,the friendly people - the live musicians was cool,Not much! Was good fun - thanks for putting on a great night!,"More variety in music styles - d n b , deeper trance but hey that's just my preference :-) / I found it could have been busier on the Friday night but enjoyed the deep space zone / magical shows would be  / visual zones / light art (lets get some more burners involved ","Yes, 2 to 5 times",6,"A Long Weekend Festie (camping, music, dancing, workshops, talks)",up to 1.5 hrs,It would be great to have a workshops weekend on art / therapy - the holistic side that I really enjoyed going to at the Chur space at Kiwiburn :-)
2018/05/03 8:24:45 am GMT+12,wellington,Saturday only,One night was enough for me,6,I saw them once or twice,the fun and open minded people ,"after a few hours the boat was very crammed, sticky, dirty and moist. Maybe a different location would be better?",s.a.,"Yes, 2 to 5 times",4,"A Long Weekend Festie (camping, music, dancing, workshops, talks)",up to 1 hr,thanks for organising!
2018/05/03 9:26:57 am GMT+12,Wellington,Friday only,"I went ONE night, but would go for two nights next year",6,I knew about them but didn't see them,The people!,,The bar not serving straws,"Yes, once",7,"A Long Weekend Festie (camping, music, dancing, workshops, talks)",up to 3.0 hrs,We did miss the 'buffer' this year - we were super amongst buffing people's backs and bums last year! :)
2018/05/03 9:38:41 am GMT+12,Wellington,Saturday only,"I went ONE night, but would go for two nights next year;I don't mind either way",7,I saw them once or twice,"The music, the people, the radical self expression",Nothing! ,,"Yes, once",7,"A Long Weekend Festie (camping, music, dancing, workshops, talks)",up to 3.0 hrs,You're the best â™¥
2018/05/03 10:22:05 am GMT+12,Wellington,Friday only,One night was enough for me,6,"Yeah, they were easy to recognise and saw them a lot","The good vibes, the dancing, the costumes, the friendliness of all the attendees",,"I'd love to see more professional dancers / performers in general downstairs in the rave room, getting up on the elevated stage areas etc!","Yes, 2 to 5 times",4,"A Weekend Doof (camping, bass music, dancing)",up to 1.5 hrs,
2018/05/04 8:25:09 am GMT+12,Wellington ,Saturday only,One night was enough for me,7,The GT- Whhaaaat? No idea what you are on about.,,"Paid dancers. Not necessary, and make it more like a Courtney place type event and less of a burn ",,"Yes, 2 to 5 times",4,"A Long Weekend Festie (camping, music, dancing, workshops, talks)",up to 4.0 hrs,
2018/05/04 11:23:57 am GMT+12,Wellington,BOTH!,I went TWO nights and would do two nights again next year;I could probably do a third night,6,I saw them once or twice,Fun! Love! Openness! Creativity,It ending :-( ,"A more spacious venue, different lighting first night, making sure the music in the snug zone doesnâ€™t get too hectic (second night), outdoor party??",Not yet,7,"A Long Weekend Festie (camping, music, dancing, workshops, talks)",any distance,Love you guys so much and thank u! Canâ€™t wait to party with you again :-) 
2018/05/04 3:42:04 pm GMT+12,Wellington,BOTH!,I went TWO nights and would do two nights again next year,7,"Yeah, they were easy to recognise and saw them a lot","All my pups having a great time all in the same place.
Bass.","Every time there is still reports of people going too far and crossing boundaries but it would be a magical world if that was fixed.
Annoying trying to dance ontop of spilt drink and discarded plastic cups, bottles and cans.",I do like the idea of more organized daytime activities before partying!,"Yes, 2 to 5 times",7,"A Long Weekend Festie (camping, music, dancing, workshops, talks)",up to 3.0 hrs,
2018/05/04 5:06:26 pm GMT+12,Stratford,BOTH!,I don't mind either way,7,I saw them once or twice,"Good loud music, good bunch of people with a freedom of expression not found in many other places. It's on a boat. Coat check.",Lines for bathrooms,More Paige Julia style bass,"Yes, 2 to 5 times",5,"A Long Weekend Festie (camping, music, dancing, workshops, talks)",any distance,Thanks for being awesome and putting in all this work! You guys are the best!
2018/05/04 5:20:24 pm GMT+12,Wellington ,Friday only,I don't mind either way,6,I saw them once or twice,"Feeling super safe to express myself in a fun social environment that caters for all levels of mood (high energy dancing, active socialising and chill snugs if I am getting overwhelmed or anxious) ","The music was very bass heavy and so at times felt a little bit overwhelming. Perhaps mix it up with some more low key chilled stuff? This is just a personal preference. 

Oh, and keep the music SUPER CHILL in the cuddle puddle, some of the DJs choices on the Friday night were questionable ",Nothing. It was great! ,Not yet,7,"A Long Weekend Festie (camping, music, dancing, workshops, talks)",any distance,"Perhaps make the greeting and discussion about consent standard/uniform across all greeters so that it is clear and accessible to people who have never come across that at a party before. 

I thought our greeter did a good job with the â€œconsent is like a cup of teaâ€ chat, but that is because I have come across that metaphor before and find it engaging.

I think for people new to the Burner scene who arenâ€™t used to having an up front discussion about consent upon entering a party, it might be better to have clearly articulated guidelines laid out during that discussion (similar to the posters that were all around the venue, which were great!). This is for the sake of clarity and simplicity (although consent shouldnâ€™t be a difficult concept *sigh*) 

I really appreciated the consent guardians being around during the evening too, i always feel safe and supported at Burner events, keep doing a great job! "
2018/05/04 6:33:41 pm GMT+12,Wellington,Saturday only,One night was enough for me,6,I knew about them but didn't see them,Great music,"Too Loud, the rig is just way to loud for a venue that size, it takes days for my ears to stop ringing even after wearing ear plugs ","Set the sounds system up for better sound Quality, rather than just balls out volume - half the time I couldn't even hear what track was paling over the distorted bass. ","Yes, 5 or more times",7,"A Weekend Doof (camping, bass music, dancing)",up to 3.0 hrs,You guys are building a great reputation - keep up the good work
2018/05/04 8:39:59 pm GMT+12,Wellington,BOTH!,I went TWO nights and would do two nights again next year,6,I saw them once or twice,The ability to express yourself in a welcoming environment,"Snug city on the second night was very crowded. Apart from that, nothing",Make snug city bigger?,Not yet,6,"A Long Weekend Festie (camping, music, dancing, workshops, talks)",any distance,"Great time, thanks guys!"
2018/05/04 9:03:06 pm GMT+12,Wellington,BOTH!,I went TWO nights and would do two nights again next year,6,I saw them once or twice,The ability to express yourself in a welcoming environment,"Snug city on the second night was very crowded. Apart from that, nothing",Make snug city bigger?,Not yet,6,"A Long Weekend Festie (camping, music, dancing, workshops, talks)",any distance,"Great time, thanks guys!"
2018/05/05 9:52:54 pm GMT+12,Wellington,BOTH!,I went TWO nights and would do two nights again next year,6,I saw them once or twice,Friends and Bass,,More rubbish bins,"Yes, 2 to 5 times",7,"A Long Weekend Festie (camping, music, dancing, workshops, talks)",up to 4.0 hrs,
2018/05/06 2:54:09 pm GMT+12,Wellington,BOTH!,I went TWO nights and would do two nights again next year;I don't mind either way,6,I knew about them but didn't see them,,Smoke machines on the super packed floor,"MOOP swoops. There were spills and broken glass, and stray misc on the dance floor at several points. Particularly near the DJ booth and podiums. It would suck for the volunteers in question, but it would be great for safety if there were people doing a sweep of the space every half hour or so.","Yes, 2 to 5 times",5,"A Long Weekend Festie (camping, music, dancing, workshops, talks)",up to 3.0 hrs,
2018/05/06 11:41:22 pm GMT+12,Auckland,Saturday only,One night was enough for me,6,"Yeah, they were easy to recognise and saw them a lot","Wonderful free, interesting, alive community! Great venue! Great vibes. ","I wasn't nearly as into the music this year as I was last year, such a shame (for me!)  I wasn't convinced on the two night party, interesting idea and makes sense given all the effort put into these parties, but I'm personally on team 1 night. ",Variety of music :)  A greeters team?,"Yes, 2 to 5 times",5,"A Long Weekend Festie (camping, music, dancing, workshops, talks)",any distance,THANK YOU  KIA ORA CHURRR
2018/05/08 9:47:34 pm GMT+12,wellington,Friday only,One night was enough for me,7,"Yeah, they were easy to recognise and saw them a lot",,,,Not yet,7,"A Long Weekend Festie (camping, music, dancing, workshops, talks)",any distance,
